{
  "1": {
    "key": "ba3af6a63f958f0a151390a51a2ae37c",
    "value": "\n<div class=\"c-container\"></div>"
  },
  "3": {
    "key": "5f9894f86e2e7e12267a7f2a75676795",
    "value": "\n<!-- `style=\"position: static; padding-top: 0;\"` はスタイルガイドにおけるサンプル表示の都合上付与しています。-->\n<div class=\"c-mainNavArea\" style=\"position: static; padding-top: 0;\">\n  <nav>\n    <ul class=\"c-mainNavArea__nav\">\n      <li class=\"c-mainNavArea__navItem\"><a class=\"c-mainNavArea__navItemTitle\"><i class=\"fa fa-home\" aria-hidden=\"true\"></i><span>ホーム</span></a>\n      </li>\n      <li class=\"c-mainNavArea__navItem\"><a class=\"c-mainNavArea__navItemTitle collapsed\" data-toggle=\"collapse\" href=\"#productManagement\" aria-expanded=\"false\" aria-controls=\"productManagement\"><i class=\"fa fa-cube\" aria-hidden=\"true\"></i><span>商品管理</span></a>\n        <ul class=\"collapse\" id=\"productManagement\">\n          <li><a href=\"/moc/product/master\">商品マスタ</a></li>\n          <li><a href=\"/moc/product/register\">商品登録</a></li>\n          <li><a href=\"/moc/product/standard\">規格管理</a></li>\n          <li><a href=\"/moc/product/category\">カテゴリ管理</a></li>\n          <li><a href=\"/moc/product/tags\">タグ管理</a></li>\n          <li><a href=\"/moc/product/csv/product\">商品CSV登録</a></li>\n          <li><a href=\"/moc/product/csv/category\">カテゴリCSV登録</a></li>\n        </ul>\n      </li>\n      <li class=\"c-mainNavArea__navItem\"><a class=\"c-mainNavArea__navItemTitle collapsed\" data-toggle=\"collapse\" href=\"#orderManagement\" aria-expanded=\"false\" aria-controls=\"orderManagement\"><i class=\"fa fa-inbox\" aria-hidden=\"true\"></i><span>受注管理</span></a>\n        <ul class=\"collapse\" id=\"orderManagement\">\n          <li><a href=\"/moc/order/master\">受注一覧</a></li>\n          <li><a href=\"/moc/order/management\">受注管理</a></li>\n        </ul>\n      </li>\n      <li class=\"c-mainNavArea__navItem\"><a class=\"c-mainNavArea__navItemTitle collapsed\" data-toggle=\"collapse\" href=\"#shipManagement\" aria-expanded=\"false\" aria-controls=\"shipManagement\"><i class=\"fa fa-truck\" aria-hidden=\"true\"></i><span>出荷管理</span></a>\n        <ul class=\"collapse\" id=\"shipManagement\">\n          <li><a href=\"/moc/shipment/master\">出荷マスター</a></li>\n          <li><a href=\"/moc/shipment/management\">出荷管理</a></li>\n          <li><a href=\"/moc/shipment/register\">出荷CSV登録</a></li>\n        </ul>\n      </li>\n      <li class=\"c-mainNavArea__navItem\"><a class=\"c-mainNavArea__navItemTitle collapsed\" data-toggle=\"collapse\" href=\"#userManagement\" aria-expanded=\"false\" aria-controls=\"userManagement\"><i class=\"fa fa-users\" aria-hidden=\"true\"></i><span>会員管理</span></a>\n        <ul class=\"collapse\" id=\"userManagement\">\n          <li><a href=\"/moc/customer/master\">会員マスター</a></li>\n          <li><a href=\"/moc/customer/management\">会員管理</a></li>\n        </ul>\n      </li>\n      <li class=\"c-mainNavArea__navItem\"><a class=\"c-mainNavArea__navItemTitle collapsed\" data-toggle=\"collapse\" href=\"#contentsManagement\" aria-expanded=\"false\" aria-controls=\"contentsManagement\"><i class=\"fa fa-file-text-o\" aria-hidden=\"true\"></i><span>コンテンツ管理</span></a>\n        <ul class=\"collapse\" id=\"contentsManagement\">\n          <li><a href=\"/moc/content/news\">新着情報管理</a></li>\n          <li><a href=\"/moc/content/file\">ファイル管理</a></li>\n          <li><a href=\"/moc/content/layout\">レイアウト管理</a></li>\n          <li><a href=\"/moc/content/page\">ページ管理</a></li>\n          <li><a href=\"/moc/content/block\">ブロック管理</a></li>\n          <li><a href=\"/moc/content/cache\">キャッシュ管理</a></li>\n        </ul>\n      </li>\n      <li class=\"c-mainNavArea__navItem\"><a class=\"c-mainNavArea__navItemTitle collapsed\" data-toggle=\"collapse\" href=\"#config\" aria-expanded=\"false\" aria-controls=\"config\"><i class=\"fa fa-cog\" aria-hidden=\"true\"></i><span>設定</span></a><a class=\"c-mainNavArea__navItemSubTitle collapsed\" data-toggle=\"collapse\" href=\"#commonConfig\" aria-expanded=\"false\" aria-controls=\"commonConfig\"><span>基本情報設定</span></a>\n        <ul class=\"collapse\" id=\"commonConfig\">\n          <li><a href=\"/moc/setting/basis/shop\"> ショップマスター</a></li>\n          <li><a href=\"/moc/setting/basis/tradelaw\"> 特定商取引法</a></li>\n          <li><a href=\"/moc/setting/basis/agreement\"> 利用規約設定</a></li>\n          <li><a href=\"/moc/setting/basis/payment\"> 支払方法設定</a></li>\n          <li><a href=\"/moc/setting/basis/delivery\"> 配送方法設定</a></li>\n          <li><a href=\"/moc/setting/basis/tax\"> 税率設定</a></li>\n          <li><a href=\"/moc/setting/basis/mail\">メール設定</a></li>\n        </ul><a class=\"c-mainNavArea__navItemSubTitle collapsed\" data-toggle=\"collapse\" href=\"#systemConfig\" aria-expanded=\"false\" aria-controls=\"systemConfig\"><span>システム情報設定</span></a>\n        <ul class=\"collapse\" id=\"systemConfig\">\n          <li><a href=\"/moc/setting/system/system\">システム情報</a></li>\n          <li><a href=\"/moc/setting/system/member\">メンバー管理</a></li>\n          <li><a href=\"/moc/setting/system/authority\">権限管理</a></li>\n          <li><a href=\"/moc/setting/system/security\">セキュリティ管理</a></li>\n          <li><a href=\"/moc/setting/system/log\">EC-CUBE ログ表示</a></li>\n          <li><a href=\"/moc/setting/system/master\">マスターデータ管理</a></li>\n        </ul>\n      </li>\n      <li class=\"c-mainNavArea__navItem\"><a class=\"c-mainNavArea__navItemTitle collapsed\" data-toggle=\"collapse\" href=\"#ownersStore\" aria-expanded=\"false\" aria-controls=\"ownersStore\"><i class=\"fa fa-info-circle\" aria-hidden=\"true\"></i><span>オーナーズストア</span></a>\n      </li>\n    </ul>\n  </nav>\n</div>"
  },
  "4": {
    "key": "eaf60c6ad416ab02d8cb3278cfeda6d5",
    "value": "\n<div class=\"c-contentsArea\">\n  <div class=\"c-pageTitle\">\n    <div class=\"c-pageTitle__titles\">\n      <h2 class=\"c-pageTitle__title\">商品登録\n      </h2><span class=\"c-pageTitle__subTitle\">商品管理</span>\n    </div>\n  </div>\n  <div class=\"c-contentsArea__cols\">\n    <div class=\"c-contentsArea__primaryCol\">\n      <div class=\"c-primaryCol\">\n        <div class=\"c-block\">\n          <div class=\"c-block__contents\">\n            <p>プライマリカラム領域</p>\n          </div>\n        </div>\n      </div>\n    </div>\n    <div class=\"c-contentsArea__secondaryCol\">\n      <div class=\"c-secondaryCol\">\n        <div class=\"c-block\">\n          <div class=\"c-block__contents\">\n            <p>セカンダリカラム領域</p>\n          </div>\n        </div>\n      </div>\n    </div>\n  </div>\n</div>"
  },
  "7": {
    "key": "a51fdc644bfcd2974a2cc15882cf050a",
    "value": "\n<div class=\"c-conversionArea\"></div>"
  },
  "4.1": {
    "key": "d3c3a5391e72d8c98f270266d7164c8d",
    "value": "\n<div class=\"c-contentsArea\">\n  <div class=\"c-contentsArea__cols\">\n    <div class=\"c-contentsArea__primaryCol\">\n    </div>\n    <div class=\"c-contentsArea__secondaryCol\">\n    </div>\n  </div>\n</div>"
  },
  "4.2": {
    "key": "a6abf79d8a0ec42905d416a7d6fb5f7d",
    "value": "\n<div class=\"c-primaryCol\"></div>"
  },
  "4.3": {
    "key": "af6b553b9b196122fe8d8b72c7523814",
    "value": "\n<div class=\"c-secondaryCol\"></div>"
  },
  "7.1": {
    "key": "e69ed1753e6692d4c228f700581e9346",
    "value": "\n<div class=\"c-toggleSwitch\">\n  <div class=\"c-toggleSwitch__btn\">\n    <input type=\"checkbox\" id=\"switch\"/>\n    <label for=\"switch\"></label>\n  </div>\n  <div class=\"c-toggleSwitch__label\"><span>公開</span>\n  </div>\n</div>"
  },
  "7.2": {
    "key": "1a69de76741e81de730bbac61f66eb43",
    "value": "<a class=\"c-beseLink\"><i class=\"fa fa-backward\"></i><span>商品マスター</span></a>"
  }
}