{
  "1": {
    "key": "ba3af6a63f958f0a151390a51a2ae37c",
    "value": "\n<div class=\"c-container\"></div>"
  },
  "3": {
    "key": "5f9894f86e2e7e12267a7f2a75676795",
    "value": "\n<!-- `style=\"position: static; padding-top: 0;\"` はスタイルガイドにおけるサンプル表示の都合上付与しています。-->\n<div class=\"c-mainNavArea\" style=\"position: static; padding-top: 0;\">\n  <nav>\n    <ul class=\"c-mainNavArea__nav\">\n      <li class=\"c-mainNavArea__navItem\"><a class=\"c-mainNavArea__navItemTitle\"><i class=\"fa fa-home\" aria-hidden=\"true\"></i><span>ホーム</span></a>\n      </li>\n      <li class=\"c-mainNavArea__navItem\"><a class=\"c-mainNavArea__navItemTitle collapsed\" data-toggle=\"collapse\" href=\"#productManagement\" aria-expanded=\"false\" aria-controls=\"productManagement\"><i class=\"fa fa-cube\" aria-hidden=\"true\"></i><span>商品管理</span></a>\n        <ul class=\"collapse\" id=\"productManagement\">\n          <li><a href=\"/moc/product/master\">商品マスタ</a></li>\n          <li><a href=\"/moc/product/register\">商品登録</a></li>\n          <li><a href=\"/moc/product/standard\">規格管理</a></li>\n          <li><a href=\"/moc/product/category\">カテゴリ管理</a></li>\n          <li><a href=\"/moc/product/tags\">タグ管理</a></li>\n          <li><a href=\"/moc/product/csv/product\">商品CSV登録</a></li>\n          <li><a href=\"/moc/product/csv/category\">カテゴリCSV登録</a></li>\n        </ul>\n      </li>\n      <li class=\"c-mainNavArea__navItem\"><a class=\"c-mainNavArea__navItemTitle collapsed\" data-toggle=\"collapse\" href=\"#orderManagement\" aria-expanded=\"false\" aria-controls=\"orderManagement\"><i class=\"fa fa-inbox\" aria-hidden=\"true\"></i><span>受注管理</span></a>\n        <ul class=\"collapse\" id=\"orderManagement\">\n          <li><a href=\"/moc/order/master\">受注一覧</a></li>\n          <li><a href=\"/moc/order/management\">受注管理</a></li>\n        </ul>\n      </li>\n      <li class=\"c-mainNavArea__navItem\"><a class=\"c-mainNavArea__navItemTitle collapsed\" data-toggle=\"collapse\" href=\"#shipManagement\" aria-expanded=\"false\" aria-controls=\"shipManagement\"><i class=\"fa fa-truck\" aria-hidden=\"true\"></i><span>出荷管理</span></a>\n        <ul class=\"collapse\" id=\"shipManagement\">\n          <li><a href=\"/moc/shipment/master\">出荷マスター</a></li>\n          <li><a href=\"/moc/shipment/management\">出荷管理</a></li>\n          <li><a href=\"/moc/shipment/register\">出荷CSV登録</a></li>\n        </ul>\n      </li>\n      <li class=\"c-mainNavArea__navItem\"><a class=\"c-mainNavArea__navItemTitle collapsed\" data-toggle=\"collapse\" href=\"#userManagement\" aria-expanded=\"false\" aria-controls=\"userManagement\"><i class=\"fa fa-users\" aria-hidden=\"true\"></i><span>会員管理</span></a>\n        <ul class=\"collapse\" id=\"userManagement\">\n          <li><a href=\"/moc/customer/master\">会員マスター</a></li>\n          <li><a href=\"/moc/customer/management\">会員管理</a></li>\n        </ul>\n      </li>\n      <li class=\"c-mainNavArea__navItem\"><a class=\"c-mainNavArea__navItemTitle collapsed\" data-toggle=\"collapse\" href=\"#contentsManagement\" aria-expanded=\"false\" aria-controls=\"contentsManagement\"><i class=\"fa fa-file-text-o\" aria-hidden=\"true\"></i><span>コンテンツ管理</span></a>\n        <ul class=\"collapse\" id=\"contentsManagement\">\n          <li><a href=\"/moc/content/news\">新着情報管理</a></li>\n          <li><a href=\"/moc/content/file\">ファイル管理</a></li>\n          <li><a href=\"/moc/content/layout\">レイアウト管理</a></li>\n          <li><a href=\"/moc/content/page\">ページ管理</a></li>\n          <li><a href=\"/moc/content/block\">ブロック管理</a></li>\n          <li><a href=\"/moc/content/cache\">キャッシュ管理</a></li>\n        </ul>\n      </li>\n      <li class=\"c-mainNavArea__navItem\"><a class=\"c-mainNavArea__navItemTitle collapsed\" data-toggle=\"collapse\" href=\"#config\" aria-expanded=\"false\" aria-controls=\"config\"><i class=\"fa fa-cog\" aria-hidden=\"true\"></i><span>設定</span></a><a class=\"c-mainNavArea__navItemSubTitle collapsed\" data-toggle=\"collapse\" href=\"#commonConfig\" aria-expanded=\"false\" aria-controls=\"commonConfig\"><span>基本情報設定</span></a>\n        <ul class=\"collapse\" id=\"commonConfig\">\n          <li><a href=\"/moc/setting/basis/shop\"> ショップマスター</a></li>\n          <li><a href=\"/moc/setting/basis/tradelaw\"> 特定商取引法</a></li>\n          <li><a href=\"/moc/setting/basis/agreement\"> 利用規約設定</a></li>\n          <li><a href=\"/moc/setting/basis/payment\"> 支払方法設定</a></li>\n          <li><a href=\"/moc/setting/basis/delivery\"> 配送方法設定</a></li>\n          <li><a href=\"/moc/setting/basis/tax\"> 税率設定</a></li>\n          <li><a href=\"/moc/setting/basis/mail\">メール設定</a></li>\n        </ul><a class=\"c-mainNavArea__navItemSubTitle collapsed\" data-toggle=\"collapse\" href=\"#systemConfig\" aria-expanded=\"false\" aria-controls=\"systemConfig\"><span>システム情報設定</span></a>\n        <ul class=\"collapse\" id=\"systemConfig\">\n          <li><a href=\"/moc/setting/system/system\">システム情報</a></li>\n          <li><a href=\"/moc/setting/system/member\">メンバー管理</a></li>\n          <li><a href=\"/moc/setting/system/authority\">権限管理</a></li>\n          <li><a href=\"/moc/setting/system/security\">セキュリティ管理</a></li>\n          <li><a href=\"/moc/setting/system/log\">EC-CUBE ログ表示</a></li>\n          <li><a href=\"/moc/setting/system/master\">マスターデータ管理</a></li>\n        </ul>\n      </li>\n      <li class=\"c-mainNavArea__navItem\"><a class=\"c-mainNavArea__navItemTitle collapsed\" data-toggle=\"collapse\" href=\"#ownersStore\" aria-expanded=\"false\" aria-controls=\"ownersStore\"><i class=\"fa fa-info-circle\" aria-hidden=\"true\"></i><span>オーナーズストア</span></a>\n      </li>\n    </ul>\n  </nav>\n</div>"
  },
  "4": {
    "key": "eaf60c6ad416ab02d8cb3278cfeda6d5",
    "value": "\n<div class=\"c-contentsArea\">\n  <div class=\"c-pageTitle\">\n    <div class=\"c-pageTitle__titles\">\n      <h2 class=\"c-pageTitle__title\">商品登録\n      </h2><span class=\"c-pageTitle__subTitle\">商品管理</span>\n    </div>\n  </div>\n  <div class=\"c-contentsArea__cols\">\n    <div class=\"c-contentsArea__primaryCol\">\n      <div class=\"c-primaryCol\">\n        <div class=\"c-block\">\n          <div class=\"c-block__contents\">\n            <p>プライマリカラム領域</p>\n          </div>\n        </div>\n      </div>\n    </div>\n    <div class=\"c-contentsArea__secondaryCol\">\n      <div class=\"c-secondaryCol\">\n        <div class=\"c-block\">\n          <div class=\"c-block__contents\">\n            <p>セカンダリカラム領域</p>\n          </div>\n        </div>\n      </div>\n    </div>\n  </div>\n</div>"
  },
  "7": {
    "key": "a51fdc644bfcd2974a2cc15882cf050a",
    "value": "\n<div class=\"c-conversionArea\"></div>"
  },
  "8": {
    "key": "60b0e093fac28b0da889faf80a62e190",
    "value": "\n<div class=\"c-block\">\n  <div class=\"c-block__heading\">\n    <div class=\"c-block__titles\">\n      <div class=\"c-toolTip\" data-toggle=\"tooltip\" data-placement=\"top\" title=\"Tooltip\"><span class=\"c-toolTip__title\">ブロックタイトル</span><i class=\"fa fa-question-circle c-toolTip__icon\"></i>\n      </div>\n    </div>\n    <div class=\"c-block__toggle\"><i class=\"fa fa-angle-up\"></i>\n    </div>\n  </div>\n  <div class=\"c-block__contents\">\n    <p>コンテンツが入ります</p>\n  </div>\n</div>\n<div class=\"c-block\">\n  <div class=\"c-block__heading\">\n    <div class=\"c-block__titles\">\n      <div class=\"c-toolTip\" data-toggle=\"tooltip\" data-placement=\"top\" title=\"Tooltip\"><span class=\"c-toolTip__title\">ブロックタイトル</span><i class=\"fa fa-question-circle c-toolTip__icon\"></i>\n      </div>\n    </div>\n    <div class=\"c-block__toggle\"><i class=\"fa fa-angle-up\"></i>\n    </div>\n  </div>\n  <div class=\"c-block__contents--noPadding\">\n    <p>コンテンツが入ります</p>\n  </div>\n</div>\n<div class=\"c-block\">\n  <div class=\"c-block__heading\">\n    <div class=\"c-block__titles\">\n      <div class=\"c-toolTip\" data-toggle=\"tooltip\" data-placement=\"top\" title=\"Tooltip\"><span class=\"c-toolTip__title\">ブロックタイトル</span><i class=\"fa fa-question-circle c-toolTip__icon\"></i>\n      </div>\n    </div>\n    <div class=\"c-block__toggle\"><i class=\"fa fa-angle-up\"></i>\n    </div>\n  </div>\n  <div class=\"c-block__contents--noPaddingAll\">\n    <p>コンテンツが入ります</p>\n  </div>\n</div>"
  },
  "10": {
    "key": "b02f8dc30036f3b3f0d9c5d408c4d80d",
    "value": "\n<form class=\"c-form\"></form>"
  },
  "12": {
    "key": "7e41b79343f11aea223b0b36f6ab5300",
    "value": "\n<table class=\"c-customerTable\">\n  <thead class=\"c-customerTable__tableHeader\">\n    <th>\n      <input type=\"checkbox\"/>\n    </th>\n    <th>会員ID</th>\n    <th>会員名</th>\n    <th>電話番号</th>\n    <th>メールアドレス</th>\n    <th>&nbsp;</th>\n  </thead>\n  <tr>\n    <td>\n      <input type=\"checkbox\"/>\n    </td>\n    <td>1</td>\n    <td class=\"c-usersTable_name\"><a href=\"#\">山田 はなこ</a></td>\n    <td>06-6666-6666</td>\n    <td>witchdoktor@gmail.com</td>\n    <td><a class=\"c-customerTable__delete\" href=\"#\"><i class=\"fa fa-times\"></i></a>\n    </td>\n  </tr>\n  <tr>\n    <td>\n      <input type=\"checkbox\"/>\n    </td>\n    <td>1</td>\n    <td class=\"c-usersTable_name\"><a href=\"#\">山田 はなこ</a></td>\n    <td>06-6666-6666</td>\n    <td>witchdoktor@gmail.com</td>\n    <td><a class=\"c-customerTable__delete\" href=\"#\"><i class=\"fa fa-times\"></i></a>\n    </td>\n  </tr>\n  <tr>\n    <td>\n      <input type=\"checkbox\"/>\n    </td>\n    <td>1</td>\n    <td class=\"c-usersTable_name\"><a href=\"#\">山田 はなこ</a></td>\n    <td>06-6666-6666</td>\n    <td>witchdoktor@gmail.com</td>\n    <td><a class=\"c-customerTable__delete\" href=\"#\"><i class=\"fa fa-times\"></i></a>\n    </td>\n  </tr>\n  <tr>\n    <td>\n      <input type=\"checkbox\"/>\n    </td>\n    <td>1</td>\n    <td class=\"c-usersTable_name\"><a href=\"#\">山田 はなこ</a></td>\n    <td>06-6666-6666</td>\n    <td>witchdoktor@gmail.com</td>\n    <td><a class=\"c-customerTable__delete\" href=\"#\"><i class=\"fa fa-times\"></i></a>\n    </td>\n  </tr>\n  <tr>\n    <td>\n      <input type=\"checkbox\"/>\n    </td>\n    <td>1</td>\n    <td class=\"c-usersTable_name\"><a href=\"#\">山田 はなこ</a></td>\n    <td>06-6666-6666</td>\n    <td>witchdoktor@gmail.com</td>\n    <td><a class=\"c-customerTable__delete\" href=\"#\"><i class=\"fa fa-times\"></i></a>\n    </td>\n  </tr>\n  <tr>\n    <td>\n      <input type=\"checkbox\"/>\n    </td>\n    <td>1</td>\n    <td class=\"c-usersTable_name\"><a href=\"#\">山田 はなこ</a></td>\n    <td>06-6666-6666</td>\n    <td>witchdoktor@gmail.com</td>\n    <td><a class=\"c-customerTable__delete\" href=\"#\"><i class=\"fa fa-times\"></i></a>\n    </td>\n  </tr>\n</table>"
  },
  "13": {
    "key": "6a54f335838f3c79ae74e47a5b2be486",
    "value": "\n<div class=\"c-pageTitle\">\n  <div class=\"c-pageTitle__titles\">\n    <h2 class=\"c-pageTitle__title\">ページタイトル\n    </h2><span class=\"c-pageTitle__subTitle\">親カテゴリ名</span>\n  </div>\n</div>"
  },
  "14": {
    "key": "c676369b176e749300440e3b59236911",
    "value": "\n<div class=\"c-pagination\"><a class=\"c-pagination__list is-active\" href=\"#\">1</a><a class=\"c-pagination__list\" href=\"#\">2</a><a class=\"c-pagination__list\" href=\"#\">3</a><a class=\"c-pagination__list\" href=\"#\">4</a>\n</div>"
  },
  "15": {
    "key": "9dad78a6eb008b3e7806a9e96ed83fa6",
    "value": "\n<div class=\"c-breadcrumbs\"><a href=\"\">すべてのカテゴリ</a><a>カテゴリA</a></div>"
  },
  "16": {
    "key": "52d68b2f3d9db522c842a951a48ebd5c",
    "value": "\n<form class=\"c-searchBox\">\n  <div class=\"c-searchBox__form\">\n    <input type=\"text\" placeholder=\"カテゴリ検索\"/>\n  </div><a class=\"c-searchBox__btn\"><i class=\"fa fa-search\"></i></a>\n</form>"
  },
  "17": {
    "key": "46340c8a38c21c56d49c2621ba21bbac",
    "value": "\n<div class=\"c-toolTip\" data-toggle=\"tooltip\" data-placement=\"top\" title=\"ここに用語や操作方法の説明を記述します。\"><span class=\"c-toolTip__title\">商品ID</span><i class=\"fa fa-question-circle c-toolTip__icon\"></i></div>"
  },
  "18": {
    "key": "403a127a29f056274283603fde38234f",
    "value": "\n<div class=\"c-tags\"><span class=\"c-tag c-tag--black\">オススメ</span><span class=\"c-tag c-tag--blue\">限定品</span><span class=\"c-tag c-tag--black\">新入荷</span><span class=\"c-tag c-tag--blue\">値下げしました</span><span class=\"c-tag c-tag--black\">オススメ</span><span class=\"c-tag c-tag--blue\">限定品</span><span class=\"c-tag c-tag--black\">新入荷</span><span class=\"c-tag c-tag--black\">値下げしました</span><span class=\"c-tag c-tag--black\">送料無料</span></div>"
  },
  "19": {
    "key": "503a0c4b8ec72afa62dca0da5c4f3863",
    "value": "\n<dl class=\"c-definitionList\">\n  <dt class=\"c-definitionList__term\"><i class=\"fa fa-flag\" aria-hidden=\"true\"></i><span>登録日</span>\n  </dt>\n  <dd class=\"c-definitionList__description\">2017/11/09\n  </dd>\n</dl>\n<dl class=\"c-definitionList\">\n  <dt class=\"c-definitionList__term\"><i class=\"fa fa-refresh\" aria-hidden=\"true\"></i><span>最終更新日</span>\n  </dt>\n  <dd class=\"c-definitionList__description\">2017/11/12\n  </dd>\n</dl>\n<dl class=\"c-definitionList\">\n  <dt class=\"c-definitionList__term\"><i class=\"fa fa-user\" aria-hidden=\"true\"></i><span>最終更新者</span>\n  </dt>\n  <dd class=\"c-definitionList__description\">user_name\n  </dd>\n</dl>"
  },
  "20": {
    "key": "1fcc14814d5a2edaa6d3a06fa3f5543e",
    "value": "\n<div class=\"c-subAction\"><a class=\"c-subAction__btn\" href=\"#\"><span>すべてのタグを表示</span></a>\n</div>\n<div class=\"c-subAction is-active\"><a class=\"c-subAction__btn\" href=\"#\"><span>すべてのタグを表示</span></a>\n</div>"
  },
  "21": {
    "key": "79120464c6fbc87de21f3a0a6bbe1491",
    "value": "\n<div class=\"c-directoryTree mb-3\">\n  <ul>\n    <li>\n      <label class=\"collapsed\" data-toggle=\"collapse\" href=\"#directory_categoryA\" aria-expanded=\"false\" aria-controls=\"directory_categoryA\">カテゴリA</label>\n      <ul class=\"collapse\" id=\"directory_categoryA\">\n        <li>\n          <label class=\"collapsed\" data-toggle=\"collapse\" href=\"#directory_categoryA-a-1\" aria-expanded=\"false\" aria-controls=\"directory_categoryA-a-1\"><span>カテゴリA-a</span></label>\n          <ul class=\"collapse\" id=\"directory_categoryA-a-1\">\n            <li>\n              <label><span>カテゴリA-a-1</span></label>\n            </li>\n          </ul>\n        </li>\n        <li>\n          <label class=\"collapsed\" data-toggle=\"collapse\" href=\"#directory_categoryA-b-1\" aria-expanded=\"false\" aria-controls=\"directory_categoryA-b-1\"><span>カテゴリA-b</span></label>\n          <ul class=\"collapse\" id=\"directory_categoryA-b-1\">\n            <li>\n              <label><span>カテゴリA-b-1</span></label>\n            </li>\n          </ul>\n        </li>\n        <li>\n          <label class=\"collapsed\" data-toggle=\"collapse\" href=\"#directory_categoryA-c-1\" aria-expanded=\"false\" aria-controls=\"directory_categoryA-c-1\"><span>カテゴリA-c</span></label>\n          <ul class=\"collapse\" id=\"directory_categoryA-c-1\">\n            <li>\n              <label><span>カテゴリA-c-1</span></label>\n            </li>\n          </ul>\n        </li>\n      </ul>\n    </li>\n  </ul>\n  <ul>\n    <li>\n      <label class=\"collapsed\" data-toggle=\"collapse\" href=\"#directory_categoryB\" aria-expanded=\"false\" aria-controls=\"directory_categoryB\">カテゴリB</label>\n      <ul class=\"collapse\" id=\"directory_categoryB\">\n        <li>\n          <label><span>カテゴリB-a</span></label>\n        </li>\n        <li>\n          <label><span>カテゴリB-b</span></label>\n        </li>\n        <li>\n          <label><span>カテゴリB-c</span></label>\n        </li>\n      </ul>\n    </li>\n  </ul>\n</div>"
  },
  "4.1": {
    "key": "d3c3a5391e72d8c98f270266d7164c8d",
    "value": "\n<div class=\"c-contentsArea\">\n  <div class=\"c-contentsArea__cols\">\n    <div class=\"c-contentsArea__primaryCol\">\n    </div>\n    <div class=\"c-contentsArea__secondaryCol\">\n    </div>\n  </div>\n</div>"
  },
  "4.2": {
    "key": "a6abf79d8a0ec42905d416a7d6fb5f7d",
    "value": "\n<div class=\"c-primaryCol\"></div>"
  },
  "4.3": {
    "key": "af6b553b9b196122fe8d8b72c7523814",
    "value": "\n<div class=\"c-secondaryCol\"></div>"
  },
  "7.1": {
    "key": "e69ed1753e6692d4c228f700581e9346",
    "value": "\n<div class=\"c-toggleSwitch\">\n  <div class=\"c-toggleSwitch__btn\">\n    <input type=\"checkbox\" id=\"switch\"/>\n    <label for=\"switch\"></label>\n  </div>\n  <div class=\"c-toggleSwitch__label\"><span>公開</span>\n  </div>\n</div>"
  },
  "7.2": {
    "key": "1a69de76741e81de730bbac61f66eb43",
    "value": "<a class=\"c-beseLink\"><i class=\"fa fa-backward\"></i><span>商品マスター</span></a>"
  },
  "8.1": {
    "key": "8b01f58ef60046cbbd706eab43009b68",
    "value": "\n<div class=\"c-outsideBlock\">\n  <div class=\"c-outsideBlock__contents\">\n    <div class=\"row\">\n      <div class=\"col-6\">\n        <form class=\"c-form\">\n          <label>会員ID・メールアドレス・お名前</label>\n          <div class=\"c-form__text\">\n            <input type=\"text\"/>\n          </div>\n        </form>\n      </div>\n      <div class=\"col-6\"></div>\n    </div>\n    <div class=\"row\">\n      <div class=\"col-12\">\n            <div class=\"c-subAction is-active\"><a class=\"c-subAction__btn\" href=\"#\"><span>詳細検索</span></a>\n            </div>\n      </div>\n    </div>\n  </div>\n</div>"
  },
  "9.1": {
    "key": "e31b90b08ecf302df2eda9d37b076323",
    "value": "\n<!-- `style=\"margin-right:10px;\"` はスタイルガイドにおけるサンプル表示の都合上付与しています。--><a class=\"c-button--small c-button--conversion\" href=\"\" style=\"margin-right:10px;\">small</a><a class=\"c-button--regular c-button--conversion\" href=\"\" style=\"margin-right:10px;\">regular</a>\n<button class=\"c-button--large c-button--conversion\" style=\"margin-right:10px;\">large</button><a class=\"c-button--icon c-button--conversion\"><i class=\"fa fa-bars\" aria-hidden=\"true\"></i></a>\n<button class=\"c-button--full c-button--conversion\" style=\"margin-top:10px;\">full</button>"
  },
  "9.2": {
    "key": "9ea2c0086b90500e933e509f23c9fc16",
    "value": "\n<!-- `style=\"margin-right:10px;\"` はスタイルガイドにおけるサンプル表示の都合上付与しています。--><a class=\"c-button--regular c-button--conversion\" href=\"\" style=\"margin-right:10px;\">コンバージョン</a><a class=\"c-button--regular c-button--sub\" href=\"\" style=\"margin-right:10px;\">サブ</a>\n<button class=\"c-button--regular c-button--normal\" style=\"margin-right:10px;\">ノーマル</button>\n<button class=\"c-button--regular c-button--delete\" style=\"margin-right:10px;\">デリート</button>"
  },
  "10.1": {
    "key": "b4e68dd47dc814e5b92c39ce8a703fc2",
    "value": "\n<form class=\"c-form\">\n  <div class=\"c-form__text\">\n    <input type=\"text\"/>\n    <textarea rows=\"9\"></textarea>\n  </div>\n</form>\n<form class=\"c-form\">\n  <div class=\"c-form__text--regular\">\n    <input type=\"text\"/>\n  </div>\n  <div class=\"c-form__text--regular\">\n    <input type=\"text\"/>\n  </div>\n</form>\n<form class=\"c-form\">\n  <div class=\"c-form__text--small\">\n    <input type=\"text\"/>\n  </div><span class=\"c-form__sign\">-</span>\n  <div class=\"c-form__text--small\">\n    <input type=\"text\"/>\n  </div>\n</form>\n<form class=\"c-form\">\n  <div class=\"c-form__text--extraSmall\">\n    <input type=\"text\"/>\n  </div><span class=\"c-form__sign\">-</span>\n  <div class=\"c-form__text--extraSmall\">\n    <input type=\"text\"/>\n  </div><span class=\"c-form__sign\">-</span>\n  <div class=\"c-form__text--extraSmall\">\n    <input type=\"text\"/>\n  </div>\n</form>\n<form class=\"c-form\">\n  <div class=\"c-form__text--smallest\">\n    <input type=\"text\"/>\n  </div>\n</form>"
  },
  "10.2": {
    "key": "e671479e1febe757f268ac4fb11330ee",
    "value": "\n<form class=\"c-form\">\n  <div class=\"c-form__select\">\n    <select>\n      <option>選んでください</option>\n      <option>決済処理中</option>\n      <option>入金済み</option>\n      <option>入金待ち</option>\n      <option>...</option>\n    </select>\n  </div>\n</form>\n<form class=\"c-form--inline\">\n  <div class=\"c-form__select--register\">\n    <select>\n      <option>選んでください</option>\n      <option>決済処理中</option>\n      <option>入金済み</option>\n      <option>入金待ち</option>\n      <option>...</option>\n    </select>\n  </div>\n</form>\n<form class=\"c-form--inline\">\n  <div class=\"c-form__select--small\">\n    <select>\n      <option>選んでください</option>\n      <option>決済処理中</option>\n      <option>入金済み</option>\n      <option>入金待ち</option>\n      <option>...</option>\n    </select>\n  </div>\n</form>"
  },
  "10.3": {
    "key": "7b7efe1cbc7240855697a9c05bd5ce37",
    "value": "\n<form class=\"c-form\">\n  <div class=\"c-form__number\">\n    <input type=\"number\"/>\n  </div>\n</form>"
  },
  "10.4": {
    "key": "cef47530ce04c2c7c5c64d0a09ee8762",
    "value": "\n<form class=\"c-form\">\n  <div class=\"c-form__date\">\n    <input type=\"date\" placeholder=\"2000/01/01\"/>\n  </div>\n</form>\n<form class=\"c-form--inline\">\n  <div class=\"c-form__date--regular\">\n    <input type=\"date\" placeholder=\"2000/01/01\"/>\n  </div><span class=\"c-form__sign\">〜</span>\n  <div class=\"c-form__date--regular\">\n    <input type=\"date\" placeholder=\"2000/01/01\"/>\n  </div>\n</form>"
  },
  "10.5": {
    "key": "6b7b578f8d1fdeb3aa8ae3b1f138a24a",
    "value": "\n<form class=\"c-form\">\n  <div class=\"c-form__price\">\n    <div class=\"c-form__priceMark\"><span>￥</span></div>\n    <input type=\"text\"/>\n  </div>\n</form>\n<form class=\"c-form\">\n  <div class=\"c-form__price--regular\">\n    <div class=\"c-form__priceMark\"><span>￥</span></div>\n    <input type=\"text\"/>\n  </div><span class=\"c-form__sign\">〜</span>\n  <div class=\"c-form__price--regular\">\n    <div class=\"c-form__priceMark\"><span>￥</span></div>\n    <input type=\"text\"/>\n  </div>\n</form>"
  },
  "10.6": {
    "key": "9d99e94b7b2246c2f3ff3a26b3f5b08a",
    "value": "\n<form class=\"c-form\">\n  <div class=\"c-form__checkbox\">\n    <input type=\"checkbox\" name=\"filter\" value=\"open\" checked=\"checked\"/><span>公開</span>\n  </div>\n  <div class=\"c-form__checkbox\">\n    <input type=\"checkbox\" name=\"filter\" value=\"close\"/><span>非公開</span>\n  </div>\n  <div class=\"c-form__checkbox\">\n    <input type=\"checkbox\" name=\"filter\" value=\"soldOut\"/><span>在庫切れ</span>\n  </div>\n</form>"
  },
  "10.7": {
    "key": "9e38cd650ea8b8bdc4436ca303fe0ab6",
    "value": "\n<form class=\"c-form\">\n  <div class=\"c-form__radio\">\n    <input type=\"radio\" name=\"filter\" value=\"open\" checked=\"checked\"/><span>仮会員</span>\n  </div>\n  <div class=\"c-form__radio\">\n    <input type=\"radio\" name=\"filter\" value=\"close\"/><span>本会員</span>\n  </div>\n</form>"
  },
  "10.8": {
    "key": "17a9e74ad791b1883eed0b9c90e59f79",
    "value": "\n<form class=\"c-form\">\n  <div class=\"c-form__fileUpload\"><i class=\"fa fa-cloud-upload\" aria-hidden=\"true\"></i>\n    <p>画像をドラッグ＆ドロップ<br/>または</p>\n    <input type=\"file\"/>\n    <button class=\"c-button--regular c-button--normal\">ファイルを選択</button>\n  </div>\n</form>"
  },
  "10.9": {
    "key": "cc851c298a8b70b324f513048f24308a",
    "value": "\n<form class=\"c-form\">\n  <label>商品ID</label>\n  <div class=\"c-requiredLabel\"><span>必須</span></div>\n</form>"
  },
  "10.10": {
    "key": "b3e17ebe50354a10787826804b09d0a3",
    "value": "\n<div class=\"c-horizontalForm\">\n  <div class=\"c-horizontalForm__label\">\n    <div class=\"c-toolTip\" data-toggle=\"tooltip\" data-placement=\"top\" title=\"Tooltip\"><span class=\"c-toolTip__title\">商品名</span><i class=\"fa fa-question-circle c-toolTip__icon\"></i></div>\n  </div>\n  <div class=\"c-horizontalForm__form\">\n    <div class=\"row\">\n      <div class=\"col-12\">\n        <p>12</p>\n      </div>\n    </div>\n  </div>\n</div>\n<div class=\"c-horizontalForm\">\n  <div class=\"c-horizontalForm__label\">\n    <div class=\"c-toolTip\" data-toggle=\"tooltip\" data-placement=\"top\" title=\"Tooltip\"><span class=\"c-toolTip__title\">商品ID</span><i class=\"fa fa-question-circle c-toolTip__icon\"></i></div>\n    <div class=\"c-requiredLabel\"><span>必須</span></div>\n  </div>\n  <div class=\"c-horizontalForm__form\">\n    <div class=\"row\">\n      <div class=\"col-12\">\n        <form class=\"c-form\">\n          <div class=\"c-form__text\">\n            <input type=\"text\"/>\n          </div>\n        </form>\n      </div>\n    </div>\n  </div>\n</div>\n<div class=\"c-horizontalForm\">\n  <div class=\"c-horizontalForm__label\">\n    <div class=\"c-toolTip\" data-toggle=\"tooltip\" data-placement=\"top\" title=\"Tooltip\"><span class=\"c-toolTip__title\">商品種別</span><i class=\"fa fa-question-circle c-toolTip__icon\"></i></div>\n    <div class=\"c-requiredLabel\"><span>必須</span></div>\n  </div>\n  <div class=\"c-horizontalForm__form\">\n    <div class=\"row\">\n      <div class=\"col-12\">\n        <form class=\"c-form\">\n          <div class=\"c-form__select\">\n            <select>\n              <option>通常商品</option>\n            </select>\n          </div>\n        </form>\n      </div>\n    </div>\n  </div>\n</div>"
  },
  "11.1": {
    "key": "fa9fc6b7397b63e006d7975edebb7f2c",
    "value": "\n<div class=\"c-tab--regular\">\n  <div class=\"c-tab__item is_active\"><span>ラベルが長文の場合は文言の分、横幅が伸びます。</span></div>\n  <div class=\"c-tab__item\"><i class=\"fa fa-home\"></i><span>ラベル aaaa</span></div>\n  <div class=\"c-tab__item\"><span>ラベル3</span></div>\n</div>\n<div class=\"c-tab--small\">\n  <div class=\"c-tab__item is_active\"><span>ラベルが長文の場合は文言の分、横幅が伸びます。</span></div>\n  <div class=\"c-tab__item\"><i class=\"fa fa-home\"></i><span>ラベル aaaa</span></div>\n  <div class=\"c-tab__item\"><span>ラベル3</span></div>\n</div>"
  },
  "12.2": {
    "key": "e8c8e94376b98dcf908ab2537a9c3141",
    "value": "\n<table class=\"c-standardTable\">\n  <thead class=\"c-standardTable__tableHeader\">\n    <th class=\"c-standard_head\">規格１</th>\n    <th class=\"c-standard_head\">規格２</th>\n    <th class=\"c-standard_head\">商品コード</th>\n    <th class=\"c-standard_head\">在庫数</th>\n    <th class=\"c-standard_head\">販売価格（円）</th>\n  </thead>\n  <tr>\n    <td class=\"c-standard_data\">プラチナ</td>\n    <td class=\"c-standard_data\">100cm</td>\n    <td class=\"c-standard_data\">aa-001</td>\n    <td class=\"c-standard_data\">４</td>\n    <td class=\"c-standard_data\">10,000</td>\n  </tr>\n  <tr>\n    <td class=\"c-standard_data\">プラチナ</td>\n    <td class=\"c-standard_data\">100cm</td>\n    <td class=\"c-standard_data\">aa-001</td>\n    <td class=\"c-standard_data\">４</td>\n    <td class=\"c-standard_data\">10,000</td>\n  </tr>\n  <tr>\n    <td class=\"c-standard_data\">プラチナ</td>\n    <td class=\"c-standard_data\">100cm</td>\n    <td class=\"c-standard_data\">aa-001</td>\n    <td class=\"c-standard_data\">４</td>\n    <td class=\"c-standard_data\">10,000</td>\n  </tr>\n  <tr>\n    <td class=\"c-standard_data\">プラチナ</td>\n    <td class=\"c-standard_data\">100cm</td>\n    <td class=\"c-standard_data\">aa-001</td>\n    <td class=\"c-standard_data\">４</td>\n    <td class=\"c-standard_data\">10,000</td>\n  </tr>\n  <tr>\n    <td class=\"c-standard_data\">プラチナ</td>\n    <td class=\"c-standard_data\">100cm</td>\n    <td class=\"c-standard_data\">aa-001</td>\n    <td class=\"c-standard_data\">４</td>\n    <td class=\"c-standard_data\">10,000</td>\n  </tr>\n  <tr>\n    <td class=\"c-standard_data\">プラチナ</td>\n    <td class=\"c-standard_data\">100cm</td>\n    <td class=\"c-standard_data\">aa-001</td>\n    <td class=\"c-standard_data\">４</td>\n    <td class=\"c-standard_data\">10,000</td>\n  </tr>\n</table>"
  },
  "12.10": {
    "key": "1fe69735e7b644ed8186e0901e3a1fc5",
    "value": "\n<div class=\"card rounded border-0 mb-2\">\n  <ul class=\"list-group list-group-flush\">\n    <li class=\"list-group-item\">\n      <form class=\"form-row\">\n        <div class=\"col-3\">\n          <input class=\"form-control\" type=\"text\"/>\n        </div>\n        <div class=\"col-auto\">\n          <button class=\"btn btn-ec-regular\" type=\"submit\">新規作成</button>\n        </div>\n      </form>\n    </li>\n    <li class=\"list-group-item\">\n      <div class=\"row justify-content-around\">\n        <div class=\"col-auto\"><i class=\"fa fa-bars\"></i></div>\n        <div class=\"col\"><a href=\"/product/standard/detail\">カテゴリA</a></div>\n        <div class=\"col-3 text-right\">\n          <div class=\"d-inline-block mr-3\" href=\"\" data-toggle=\"tooltip\" data-placement=\"top\" title=\"上へ移動\"><i class=\"fa fa-arrow-up fa-lg text-secondary\"></i></div>\n          <div class=\"d-inline-block mr-3\" href=\"\" data-toggle=\"tooltip\" data-placement=\"top\" title=\"下へ移動\"><i class=\"fa fa-arrow-down fa-lg text-secondary\"></i></div>\n          <div class=\"d-inline-block mr-3\" href=\"\" data-toggle=\"tooltip\" data-placement=\"top\" title=\"名前を編集\"><i class=\"fa fa-pencil fa-lg text-secondary\"></i></div>\n          <div class=\"d-inline-block mr-3\" href=\"\" data-toggle=\"tooltip\" data-placement=\"top\" title=\"削除\"><i class=\"fa fa-close fa-lg text-secondary\"></i></div>\n        </div>\n      </div>\n    </li>\n    <li class=\"list-group-item\">\n      <div class=\"row justify-content-around\">\n        <div class=\"col-auto\"><i class=\"fa fa-bars\"></i></div>\n        <div class=\"col\"><a href=\"/product/standard/detail\">カテゴリB</a></div>\n        <div class=\"col-3 text-right\">\n          <div class=\"d-inline-block mr-3\" href=\"\" data-toggle=\"tooltip\" data-placement=\"top\" title=\"上へ移動\"><i class=\"fa fa-arrow-up fa-lg text-secondary\"></i></div>\n          <div class=\"d-inline-block mr-3\" href=\"\" data-toggle=\"tooltip\" data-placement=\"top\" title=\"下へ移動\"><i class=\"fa fa-arrow-down fa-lg text-secondary\"></i></div>\n          <div class=\"d-inline-block mr-3\" href=\"\" data-toggle=\"tooltip\" data-placement=\"top\" title=\"名前を編集\"><i class=\"fa fa-pencil fa-lg text-secondary\"></i></div>\n          <div class=\"d-inline-block mr-3\" href=\"\" data-toggle=\"tooltip\" data-placement=\"top\" title=\"削除\"><i class=\"fa fa-close fa-lg text-secondary\"></i></div>\n        </div>\n      </div>\n    </li>\n    <li class=\"list-group-item\">\n      <form class=\"form-row\">\n        <div class=\"col-3\">\n          <input class=\"form-control\" type=\"text\"/>\n        </div>\n        <div class=\"col-auto\">\n          <button class=\"btn btn-ec-conversion\" type=\"submit\">決定</button>\n        </div>\n        <div class=\"col-auto\">\n          <button class=\"btn btn-ec-sub\" type=\"submit\">キャンセル</button>\n        </div>\n      </form>\n    </li>\n    <li class=\"list-group-item\">\n      <div class=\"row justify-content-around\">\n        <div class=\"col-auto\"><i class=\"fa fa-bars\"></i></div>\n        <div class=\"col\"><a href=\"/product/standard/detail\">カテゴリC</a></div>\n        <div class=\"col-3 text-right\">\n          <div class=\"d-inline-block mr-3\" href=\"\" data-toggle=\"tooltip\" data-placement=\"top\" title=\"上へ移動\"><i class=\"fa fa-arrow-up fa-lg text-secondary\"></i></div>\n          <div class=\"d-inline-block mr-3\" href=\"\" data-toggle=\"tooltip\" data-placement=\"top\" title=\"下へ移動\"><i class=\"fa fa-arrow-down fa-lg text-secondary\"></i></div>\n          <div class=\"d-inline-block mr-3\" href=\"\" data-toggle=\"tooltip\" data-placement=\"top\" title=\"名前を編集\"><i class=\"fa fa-pencil fa-lg text-secondary\"></i></div>\n          <div class=\"d-inline-block mr-3\" href=\"\" data-toggle=\"tooltip\" data-placement=\"top\" title=\"削除\"><i class=\"fa fa-close fa-lg text-secondary\"></i></div>\n        </div>\n      </div>\n    </li>\n  </ul>\n</div>"
  },
  "12.13": {
    "key": "e06c3fb220d5c687bf31b0b94aa93e4f",
    "value": "\n<table class=\"c-csvTable\">\n  <tr>\n    <th>商品説明(一覧)</th>\n    <td></td>\n  </tr>\n  <tr>\n    <th>商品説明(詳細)</th>\n    <td></td>\n  </tr>\n  <tr>\n    <th>検索ワード</th>\n    <td></td>\n  </tr>\n  <tr>\n    <th>フリーエリア</th>\n    <td></td>\n  </tr>\n  <tr>\n    <th>商品削除フラグ</th>\n    <td>設定されていない場合0を登録</td>\n  </tr>\n  <tr>\n    <th>商品画像</th>\n    <td>複数画像の場合、画像ファイル名をカンマ区切りで「\"」で囲んで設定</td>\n  </tr>\n  <tr>\n    <th>在庫数無制限フラグ</th>\n    <td></td>\n  </tr>\n</table>"
  },
  "12.14": {
    "key": "d84870227fb06c10fba546133edb765b",
    "value": "\n<table class=\"c-table--mail\">\n  <thead class=\"c-table--mail__tableHeader\">\n    <th>配信日</th>\n    <th>テンプレート</th>\n    <th>件名</th>\n  </thead>\n  <tr>\n    <td>2017/12/03</td>\n    <td>お問い合わせを受け付けました</td>\n    <td><a href=\"#\">お問い合わせを受け付けました</a></td>\n  </tr>\n  <tr>\n    <td>2017/12/03</td>\n    <td>ご注文ありがとうございます</td>\n    <td><a href=\"#\">ご注文ありがとうございます</a></td>\n  </tr>\n</table>"
  },
  "20.1": {
    "key": "137761be130371a445afd0c8f1ad2ef6",
    "value": "\n<div class=\"c-subContents\">\n  <div class=\"row\">\n    <div class=\"col-6\">\n      <div class=\"mb-4\">\n        <label>会員種別</label>\n        <form class=\"c-form\">\n          <div class=\"c-form__radio\">\n            <input type=\"radio\" name=\"filter\" value=\"open\" checked=\"checked\"/><span>仮会員</span>\n          </div>\n          <div class=\"c-form__radio\">\n            <input type=\"radio\" name=\"filter\" value=\"close\"/><span>本会員</span>\n          </div>\n        </form>\n      </div>\n    </div>\n    <div class=\"col-6\">\n      <div class=\"mb-4\">\n        <label>購入商品名</label>\n        <form class=\"c-form\">\n          <div class=\"c-form__text\">\n            <input type=\"text\"/>\n          </div>\n        </form>\n      </div>\n    </div>\n  </div>\n  <div class=\"c-subContents__action\">\n    <button class=\"c-button--regular c-button--normal\">検索条件クリア</button>\n  </div>\n</div>"
  },
  "21.1": {
    "key": "a9206644451151e77581bea5b52509b3",
    "value": "\n<div class=\"c-directoryTree--register rounded border mb-3 p-3\">\n  <ul>\n    <li>\n      <input type=\"checkbox\"/>\n      <label>カテゴリA</label>\n      <ul>\n        <li>\n          <input type=\"checkbox\"/>\n          <label>カテゴリA-a</label>\n        </li>\n        <li>\n          <input type=\"checkbox\"/>\n          <label>カテゴリA-b</label>\n        </li>\n        <li>\n          <input type=\"checkbox\"/>\n          <label>カテゴリA-c</label>\n          <ul>\n            <li>\n              <input type=\"checkbox\"/>\n              <label>カテゴリA-c-1</label>\n            </li>\n            <li>\n              <input type=\"checkbox\"/>\n              <label>カテゴリA-c-2</label>\n              <ul>\n                <li>\n                  <input type=\"checkbox\"/>\n                  <label>カテゴリA-c-2-1</label>\n                </li>\n                <li>\n                  <input type=\"checkbox\"/>\n                  <label>カテゴリA-c-2-2</label>\n                </li>\n              </ul>\n            </li>\n          </ul>\n        </li>\n      </ul>\n    </li>\n  </ul>\n  <ul>\n    <li>\n      <input type=\"checkbox\"/>\n      <label>カテゴリB</label>\n    </li>\n  </ul>\n  <ul>\n    <li>\n      <input type=\"checkbox\"/>\n      <label>カテゴリC</label>\n    </li>\n  </ul>\n</div>"
  },
  "21.2": {
    "key": "a9206644451151e77581bea5b52509b3",
    "value": "\n<div class=\"c-directoryTree--register rounded border mb-3 p-3\">\n  <ul>\n    <li>\n      <input type=\"checkbox\"/>\n      <label>カテゴリA</label>\n      <ul>\n        <li>\n          <input type=\"checkbox\"/>\n          <label>カテゴリA-a</label>\n        </li>\n        <li>\n          <input type=\"checkbox\"/>\n          <label>カテゴリA-b</label>\n        </li>\n        <li>\n          <input type=\"checkbox\"/>\n          <label>カテゴリA-c</label>\n          <ul>\n            <li>\n              <input type=\"checkbox\"/>\n              <label>カテゴリA-c-1</label>\n            </li>\n            <li>\n              <input type=\"checkbox\"/>\n              <label>カテゴリA-c-2</label>\n              <ul>\n                <li>\n                  <input type=\"checkbox\"/>\n                  <label>カテゴリA-c-2-1</label>\n                </li>\n                <li>\n                  <input type=\"checkbox\"/>\n                  <label>カテゴリA-c-2-2</label>\n                </li>\n              </ul>\n            </li>\n          </ul>\n        </li>\n      </ul>\n    </li>\n  </ul>\n  <ul>\n    <li>\n      <input type=\"checkbox\"/>\n      <label>カテゴリB</label>\n    </li>\n  </ul>\n  <ul>\n    <li>\n      <input type=\"checkbox\"/>\n      <label>カテゴリC</label>\n    </li>\n  </ul>\n</div>"
  }
}